Instancia,N_Maquinas,N_Jobs,Total_Operacoes,Makespan_FIFO,Custo_FIFO,Makespan_SPT,Custo_SPT,Makespan_BT,Custo_BT
instancia_ft20_02,5,20,100,1557,28197.4,1074,21974,1099,21575.5
instancia_ft06_04,6,6,36,713,3257.18,660,3361.81,660,3361.81
instancia_la02_08,5,10,50,918,6216.37,704,5258.12,736,5235.17
instancia_abz8_06,15,20,300,5162,77503.1,3885,77812.1,3885,77666.5
instancia_abz9_04,15,20,300,5414,77594.5,3746,66527.5,3746,65690
instancia_abz6_01,10,10,100,1499,11614.1,1198,9746.33,1201,9567.48
instancia_abz9_08,15,20,300,4889,78522.4,3131,58213.7,3209,58065
instancia_la02_05,5,10,50,966,7940.59,638,5169.49,667,5068.2
instancia_la01_09,5,10,50,779,6530.38,598,5009.85,651,4977
instancia_abz7_03,15,20,300,5285,82774.8,3814,71829,3814,71829
instancia_abz9_01,15,20,300,5621,88605.1,3811,66490.2,3811,66490.2
instancia_abz9_03,15,20,300,5250,79419.9,3679,64594.7,3679,64594.7
instancia_la01_08,5,10,50,785,5802.55,734,6391.69,734,6391.69
instancia_ft10_06,10,10,100,1603,14150.2,1283,11326.5,1283,11326.5
instancia_la02_06,5,10,50,1022,10103.9,786,6804.03,786,5880.38
instancia_la02_04,5,10,50,770,6230.88,644,4668.94,672,4642.24
instancia_abz9_10,15,20,300,4485,74560.5,3595,63204.4,3621,63054
instancia_la01_01,5,10,50,744,5886.42,794,6934.8,794,6934.8
instancia_abz5_03,10,10,100,1827,13899.3,1519,12918.4,1519,12918.4
instancia_abz9_07,15,20,300,4909,77040.1,3175,54648,3175,54648
instancia_ft20_05,5,20,100,1448,22259.8,1104,22174.8,1121,21376.9
instancia_abz8_02,15,20,300,4685,73371.5,3318,57724.6,3334,57631.1
instancia_ft20_03,5,20,100,1630,24522.1,1313,21052.3,1313,21052.3
instancia_abz6_10,10,10,100,1369,9984.88,1376,13256.6,1376,13256.6
instancia_abz9_06,15,20,300,4470,66909,3550,69222.7,3550,69222.7
instancia_abz9_09,15,20,300,5064,77151.8,3858,77670.6,3858,77670.6
instancia_abz7_08,15,20,300,4967,77674.2,3530,59735.9,3530,59028.9
instancia_abz8_07,15,20,300,5081,77677.5,4045,65926.3,4050,65821.6
instancia_abz9_02,15,20,300,5161,78790.1,3888,64019,3888,64019
instancia_abz7_10,15,20,300,4830,80320.5,3554,66177,3554,66177
instancia_abz8_09,15,20,300,5355,87330.4,4041,75634.6,4041,75634.6
instancia_la01_07,5,10,50,710,5037.57,589,5251.02,655,5200.18
instancia_abz5_06,10,10,100,1687,12065.3,1182,10228.3,1184,10068.4
instancia_abz6_02,10,10,100,1842,15300.7,1511,14493.3,1511,14493.3
instancia_abz6_04,10,10,100,1739,13528.2,1551,15114.7,1551,15114.7
instancia_ft10_09,10,10,100,1721,15158.5,1116,9857.9,1116,9457.68
instancia_ft06_10,6,6,36,669,3020.45,582,3666.78,582,3666.78
instancia_ft06_06,6,6,36,650,3229.22,698,3144,698,3144
instancia_abz5_02,10,10,100,1754,13548,1347,15594.2,1364,15529.6
instancia_abz5_08,10,10,100,1963,14900.1,1262,11345.5,1304,10613.6
instancia_abz6_03,10,10,100,1772,13136.2,1054,9238.62,1054,9210.86
instancia_abz6_05,10,10,100,1708,12386.1,1382,11036.1,1382,10683.4
instancia_ft10_01,10,10,100,1847,15580.1,1371,10881.4,1371,10881.4
instancia_ft10_10,10,10,100,1583,12603.4,1330,13778.9,1330,13656.7
instancia_la02_07,5,10,50,830,5743.08,693,5600.67,709,4868.7
instancia_abz9_05,15,20,300,4681,69759.9,3535,59581.2,3535,59581.2
instancia_abz8_10,15,20,300,4838,84087.8,3375,65605.6,3386,65035.7
instancia_ft10_04,10,10,100,1661,12501.8,1402,13347.2,1402,12623.9
instancia_abz8_04,15,20,300,4705,69973.9,3546,63175.6,3546,63175.6
instancia_la01_04,5,10,50,808,6351.92,777,7599.1,777,7599.1
instancia_ft06_07,6,6,36,579,2774.27,517,2910.42,517,2910.42
instancia_ft10_08,10,10,100,1525,11813.1,1279,13470.6,1279,13470.6
instancia_la02_02,5,10,50,934,8151.5,845,7460.59,845,7460.59
instancia_ft20_01,5,20,100,1630,25829.5,1124,18723.7,1157,17550.9
instancia_ft06_08,6,6,36,667,2716.92,597,3129.94,597,2618.21
instancia_abz5_09,10,10,100,1568,11096.7,1102,8233.08,1102,8233.08
instancia_abz6_07,10,10,100,1669,13292.2,974,10430.8,974,10017.1
instancia_abz5_05,10,10,100,1610,14096.3,1111,10026.2,1111,10026.2
instancia_ft06_02,6,6,36,591,2398.01,569,2796.27,569,2796.27
instancia_abz7_06,15,20,300,5341,89012.3,3269,64756.4,3269,64756.4
instancia_abz7_04,15,20,300,5271,76761.2,3871,69942.7,3871,69942.7
instancia_la02_03,5,10,50,880,6680.01,777,7227.39,834,6818.37
instancia_abz8_05,15,20,300,4579,69502.1,3082,60006.5,3082,60006.5
instancia_ft10_05,10,10,100,1542,10468.3,1038,9840.6,1038,9840.6
instancia_ft06_09,6,6,36,532,2730.14,438,2162.24,499,1839.88
instancia_la01_02,5,10,50,830,7022.32,815,6858.89,815,6858.89
instancia_abz7_07,15,20,300,5301,85015.4,3737,74935.4,3737,74935.4
instancia_la01_05,5,10,50,879,7194.71,710,7189.73,724,6775.83
instancia_la02_10,5,10,50,939,7883.06,810,6796.14,810,6796.14
instancia_ft20_09,5,20,100,1524,22966.1,1271,20018.2,1271,20018.2
instancia_abz7_05,15,20,300,4551,64506.3,3231,57621,3255,56712.4
instancia_abz7_02,15,20,300,4775,74075.6,3742,64544.6,3851,64034.5
instancia_ft20_06,5,20,100,1832,30040.5,1235,22186.3,1258,22163.1
instancia_abz5_01,10,10,100,1652,12946.7,1468,13238.2,1502,13207.4
instancia_ft10_07,10,10,100,1682,12579.7,1636,12671,1636,12671
instancia_abz8_08,15,20,300,4942,73280.5,3647,66197.6,3647,66197.6
instancia_la01_03,5,10,50,890,6783.14,798,6704.54,798,6410.54
instancia_abz6_08,10,10,100,1513,12740.4,1255,11083.1,1255,10429.9
instancia_abz5_07,10,10,100,1562,10973.9,1057,10742.4,1057,10714.3
instancia_abz5_10,10,10,100,1776,14321,1147,12067.8,1147,12067.8
instancia_la02_09,5,10,50,791,5440.08,627,6296.1,627,5715.08
instancia_la01_10,5,10,50,805,6571.32,707,7587.4,707,7511.15
instancia_abz5_04,10,10,100,1570,12580.5,909,8971.23,909,8971.23
instancia_ft20_08,5,20,100,1604,27127,1255,24630.5,1255,24630.5
instancia_abz6_06,10,10,100,1748,15371,1180,10223.6,1180,10223.6
instancia_ft06_05,6,6,36,560,2666.83,501,2279.2,501,2279.2
instancia_ft10_03,10,10,100,1549,10629,1120,8715.69,1120,8715.69
instancia_abz6_09,10,10,100,1525,11515.8,1201,9968.26,1201,9968.26
instancia_ft20_10,5,20,100,1638,24782.1,1328,26703.3,1328,26703.3
instancia_abz7_01,15,20,300,4848,74156,3806,71961.8,3806,71961.8
instancia_la02_01,5,10,50,995,8593.12,677,5333.52,677,5333.52
instancia_abz8_03,15,20,300,4575,72193.1,3403,65344.6,3403,65344.6
instancia_ft20_07,5,20,100,1591,25698.9,1218,21877.5,1218,21556.4
instancia_ft06_03,6,6,36,528,2370.88,495,2159.09,495,2159.09
instancia_ft20_04,5,20,100,1504,24107,1291,23542.5,1291,23542.5
instancia_la01_06,5,10,50,912,7682.08,650,5086.48,650,5086.48
instancia_ft06_01,6,6,36,553,2450.76,389,1954.39,389,1954.39
instancia_ft10_02,10,10,100,1606,11397.5,1292,12798.3,1292,12798.3
instancia_abz7_09,15,20,300,5211,77221,3273,58126.3,3304,57321.1
instancia_abz8_01,15,20,300,4987,75494.6,3787,72951.6,3787,71982
